{"stats":{"minecraft:custom":{"minecraft:jump":8,"minecraft:time_since_rest":16789,"minecraft:crouch_one_cm":297,"minecraft:sprint_one_cm":3573,"minecraft:play_time":16789,"tombstone:undead_killed":4,"minecraft:time_since_death":16789,"minecraft:walk_one_cm":14374,"minecraft:sneak_time":270,"minecraft:total_world_time":18134,"minecraft:mob_kills":6,"minecraft:fly_one_cm":38461},"minecraft:killed":{"quark:shiba":2,"minecraft:zombified_piglin":1,"doom:possessed_soldier":1,"doom:mancubus":1,"doom:zombieman":1},"minecraft:used":{"minecraft:flint_and_steel":1,"minecraft:obsidian":14}},"DataVersion":3465}